1,Trapped_in_Reddit,2012-5-14
2,jedberg,2012-5-16
3,ProbablyHittingOnYou,2012-5-16
4,karmanaut,2012-5-16
5,maxwellhill,2012-5-16
6,kleinbl00,2012-5-16
7,rmuser,2012-5-16
8,swampsparrow,2012-5-16
9,gst,2012-5-16
10,qgyh2,2012-5-16
11,randomb0y,2012-5-16
12,bechus,2012-5-16
13,mindbleach,2012-5-16
14,DrJulianBashir,2012-5-16
15,Gravity13,2012-5-16
16,Scarker,2012-5-16
17,willis77,2012-5-16
18,Azured,2012-5-16
19,raldi,2012-5-16
20,Poromenos,2012-5-16
21,P-Dub,2012-5-16
22,deadapostle,2012-5-16
23,anutensil,2012-5-16
24,davidreiss666,2012-5-16
25,neoronin,2012-5-16
26,smpx,2012-5-16
27,BraveSirRobin,2012-5-16
28,Shaper_pmp,2012-5-16
29,alllie,2012-5-16
30,happybadger,2012-5-16
31,andrewinmelbourne,2012-5-16
32,ani625,2012-5-16
33,BlankVerse,2012-5-16
34,reeds1999,2012-5-16
35,Maxcactus,2012-5-16
36,nixonrichard,2012-5-16
37,edubation,2012-5-16
38,AMerrickanGirl,2012-5-16
39,igeldard,2012-5-16
40,Orangutan,2012-5-16
41,Warlizard,2012-5-16
42,SarahLee,2012-5-16
43,sockpuppets,2012-5-16
44,ggggbabybabybaby,2012-5-16
45,klmd,2012-5-16
46,andbruno,2012-5-16
47,doug3465,2012-5-16
48,marquis_of_chaos,2012-5-16
49,AnnArchist,2012-5-16
50,shallah,2012-5-16
51,IAmperfectlyCalm,2012-5-16
52,EthicalReasoning,2012-5-16
53,frycook,2012-5-16
54,JimKB,2012-5-16
55,Phallic,2012-5-16
56,utterpedant,2012-5-16
57,democracy101,2012-5-16
58,r2002,2012-5-16
59,Sure_Ill_Draw_That,2012-5-16
60,sje46,2012-5-16
61,greengoddess,2012-5-16
62,asdfman123,2012-5-16
63,xNotch,2012-5-16
64,relevant_rule34,2012-5-16
65,silverhydra,2012-5-16
66,flabbergasted1,2012-5-16
67,louiebaur,2012-5-16
68,A-punk,2012-5-16
69,mileylols,2012-5-16
70,CitizenPremier,2012-5-16
71,SwirlStick,2012-5-16
72,ImNotJesus,2012-5-16
73,mainsworth,2012-5-16
74,mepper,2012-5-16
75,NukeThePope,2012-5-16
76,TheCannon,2012-5-16
77,unclefred,2012-5-16
78,galt1776,2012-5-16
79,iorgfeflkd,2012-5-16
80,twolf1,2012-5-16
81,trot-trot,2012-5-16
82,dummystupid,2012-5-16
83,IMasturbateToMyself,2012-5-16
84,original-finder,2012-5-16
85,anexanhume,2012-5-16
86,IPoopedMyPants,2012-5-16
87,TheAtomicPlayboy,2012-5-16
88,GeneralWarts,2012-5-16
89,Forthewolfx,2012-5-16
90,borez,2012-5-16
91,lulzcakes,2012-5-16
92,loki010,2012-5-16
93,webby_mc_webberson,2012-5-16
94,CG10277,2012-5-16
95,zeb1,2012-5-16
96,magister0,2012-5-16
97,devilbunnies,2012-5-16
98,Epistaxis,2012-5-16
99,stufff,2012-5-16
100,IOIOOIIOIO,2012-5-16
101,Drunken_Economist,2012-5-16
102,tone_is_everything,2012-5-16
103,neiltyson,2012-5-16
104,WarPhalange,2012-5-16
105,brock_lee,2012-5-16
106,WorstAnswerPossible,2012-5-16
107,Shitty_Watercolour,2012-5-16
108,Se7en_Sinner,2012-5-16
109,b0red,2012-5-16
110,akatherder,2012-5-16
111,Zeppelanoid,2012-5-16
112,turdmalone,2012-5-16
113,loopuleasa,2012-5-17
114,Eustis,2012-6-6
115,Apostolate,2012-7-16
116,Kvothe24,2012-7-16
117,NotaMethAddict,2012-7-16
118,QEDomelets,2012-7-17
119,thelovepirate,2012-7-30
120,DoWhile,2012-8-12
121,SupermanV2,2012-8-28
122,Release_the_KRAKEN,2012-8-31
123,sexrockandroll,2012-9-3
124,Thehealeroftri,2012-9-3
125,hinduguru,2012-9-13
126,ILL_Show_Myself_Out,2012-9-20
127,Jigsus,2012-9-25
128,KoreanTerran,2012-9-26
129,Cozmo23,2012-10-3
130,Schroedingers_gif,2012-10-3
131,Farisr9k,2012-10-6
132,AWildSketchAppeared,2012-10-17
133,Aschebescher,2012-10-18
134,Kijafa,2012-10-21
135,SQUID_FUCKER,2012-10-23
136,flounder19,2012-10-25
137,backpackwayne,2012-10-30
138,catch22milo,2012-11-12
139,Late_Night_Grumbler,2012-11-16
140,lethargicwalrus,2012-11-19
141,ANAL_QUEEN,2012-12-3
142,CherrySlurpee,2012-12-3
143,Here_Comes_The_King,2012-12-9
144,blueboybob,2012-12-15
145,JewBoySandler,2013-1-2
146,Iggyhopper,2013-1-4
147,SlightlyAmbiguous,2013-1-24
148,mortiphago,2013-1-24
149,SUSAN_IS_A_BITCH,2013-2-3
150,Ovary_Puncher,2013-2-9
151,johnsmcjohn,2013-2-9
152,AdvocateForLucifer,2013-2-18
153,Oafah,2013-2-19
154,The_Horse_Yeller,2013-2-21
155,chief_running_joke,2013-2-21
156,JonAudette,2013-2-23
157,KoalaYummies,2013-2-24
158,Salacious-,2013-2-27
159,EditingAndLayout,2013-2-28
160,BritishHobo,2013-3-2
161,pepsi_next,2013-3-4
162,pseudolobster,2013-3-5
163,jaxspider,2013-3-5
164,thediggitydank,2013-3-6
165,zachinoz,2013-3-7
166,atticus138,2013-3-7
167,lilstumpz,2013-3-14
168,flashlight2,2013-3-14
169,Cunt_l_Puncher,2013-3-14
170,mr_majorly,2013-3-14
171,complex_reduction,2013-3-14
172,FlyingPasta,2013-3-14
173,scruffy01,2013-3-14
174,Rswany,2013-3-15
175,_vargas_,2013-3-16
176,OP_IS_A_FUCKFACE,2013-3-17
177,undertheradarnow,2013-3-17
178,endande,2013-3-17
179,RedditTooAddictive,2013-3-18
180,XavierMendel,2013-3-20
181,KennyLog-in,2013-3-22
182,MrFruitcup,2013-3-22
183,OtherWalter,2013-3-22
184,Boobies_Are_Awesome,2013-3-22
185,GodOfAtheism,2013-3-26
186,KTrout17,2013-3-28
187,soupyhands,2013-3-28
188,splattypus,2013-3-28
189,WeAreWonderfulNow,2013-3-28
190,gangnam_style,2013-3-29
191,One_Giant_Nostril,2013-3-29
192,PurpleSfinx,2013-3-30
193,skyman724,2013-3-31
194,moe1048,2013-4-2
195,NSFW_PORN_ONLY,2013-4-2
196,theskabus,2013-4-2
197,PhoneDojo,2013-4-3
198,BrodyApproved,2013-4-4
199,JasonGD1982,2013-4-4
200,AwwFapWTF,2013-4-4
201,cobra_2109,2013-4-5
202,reddit111987,2013-4-6
203,vxx,2013-4-6
204,MakLovyn,2013-4-7
205,Proteon,2013-4-8
206,FenrirIII,2013-4-8
207,TechnicolorMerkin,2013-4-9
208,February30th,2013-4-9
209,david-me,2013-4-9
210,Tashre,2013-4-10
211,iamlouisck,2013-4-11
212,Tactful,2013-4-11
213,lydocia,2013-4-11
214,Poem_for_your_sprog,2013-4-12
215,662LetGo,2013-4-14
216,weborigination,2013-4-14
217,arichi,2013-4-15
218,Immynimmy,2013-4-15
219,TheReasonableCamel,2013-4-15
220,turbie,2013-4-16
221,hueypriest,2013-4-16
222,MarshallBanana,2013-4-16
223,likwitsnake,2013-4-17
224,Dookiestain_LaFlair,2013-4-19
225,Haptens,2013-4-20
226,Probably_on_Reddit,2013-4-21
227,Rowdy_Roddy_Peeper,2013-4-22
228,thebeefytaco,2013-4-23
229,Italian_Barrel_Roll,2013-4-24
230,feureau,2013-4-24
231,Piratiko,2013-4-24
232,horse_you_rode_in_on,2013-4-24
233,catmoon,2013-4-25
234,turkeypants,2013-4-26
235,vertigo1083,2013-4-26
236,preggit,2013-4-26
237,brianbrianbrian,2013-4-27
238,KingToasty,2013-4-27
239,toxicbox,2013-4-27
240,fuckingcaptcha,2013-4-28
241,I_are_facepalm,2013-4-29
242,pavel_lishin,2013-4-30
243,Etab,2013-4-30
244,GoodGuyAnusDestroyer,2013-5-1
245,antdude,2013-5-2
246,LinkFixerBot,2013-5-2
247,Angry_Caveman_Lawyer,2013-5-6
248,PhiladelphiaIrish,2013-5-7
249,WhyAmINotStudying,2013-5-7
250,DaminDrexil,2013-5-7
251,ken27238,2013-5-8
252,reese_ridley,2013-5-8
253,Scruffbag,2013-5-9
254,Lilcheeks,2013-5-9
255,xnerdyxrealistx,2013-5-9
256,zahlman,2013-5-9
257,solidwhetstone,2013-5-10
258,1000000students,2013-5-10
259,SECRETLY_STALKS_YOU,2013-5-11
260,Kinseyincanada,2013-5-12
261,natural_red,2013-5-13
262,poptart2nd,2013-5-14
263,MestR,2013-5-14
264,Goldmine44,2013-5-14
265,bigroblee,2013-5-15
266,wil,2013-5-17
267,speckz,2013-5-17
268,zach2093,2013-5-19
269,CANOODLING_SOCIOPATH,2013-5-19
270,way_fairer,2013-5-19
271,string97bean,2013-5-19
272,sidcool1234,2013-5-21
273,Offensive_Statement,2013-5-21
274,DancesWithDaleks,2013-5-21
275,atomicthumbs,2013-5-23
276,hestonkent,2013-5-24
277,caindaddy,2013-5-25
278,shellbullet17,2013-5-27
279,StickleyMan,2013-5-27
280,NotMathMan821,2013-5-28
281,jakielim,2013-5-29
282,RamsesThePigeon,2013-5-29
283,brazilliandanny,2013-5-31
284,underdabridge,2013-6-4
285,Lettuce_Get_Weird,2013-6-5
286,Atario,2013-6-5
287,newsens,2013-6-9
288,MIIAIIRIIK,2013-6-9
289,spsheridan,2013-6-9
290,wtfisdisreal,2013-6-9
291,Mr_A,2013-6-9
292,tehcrashxor,2013-6-9
293,Myrandall,2013-6-9
294,meditonsin,2013-6-9
295,pepito420,2013-6-9
296,Heelincal,2013-6-10
297,-eDgAR-,2013-6-11
298,KHDTX13,2013-6-12
299,allenahansen,2013-6-12
300,Kubaker1,2013-6-12
301,LowSociety,2013-6-13
302,MiloMuggins,2013-6-14
303,pencer,2013-6-16
304,Libertatea,2013-6-16
305,fr-josh,2013-6-17
306,Nickster79,2013-6-17
307,ISwearThisIsOriginal,2013-6-18
308,Icalasari,2013-6-19
309,gloomdoom,2013-6-19
310,scrotum_nachos,2013-6-19
311,thebryancranston,2013-6-19
312,Mikey-2-Guns,2013-6-20
313,randomsnark,2013-6-21
314,SheeEttin,2013-6-22
315,ClaudioRules,2013-6-25
316,iBleeedorange,2013-6-25
317,Lord_NiteShade,2013-6-25
318,ItWillBeMine,2013-6-25
319,straydog1980,2013-6-27
320,cobaltcollapse,2013-6-27
321,mrwhiskers123,2013-6-30
322,ronearc,2013-7-1
323,yourpenisinmyhand,2013-7-1
324,Jabberminor,2013-7-1
325,td27,2013-7-1
326,Shadow_Jack,2013-7-1
327,danrennt98,2013-7-2
328,StoryTellerBob,2013-7-2
329,Etch_A_Sketcher,2013-7-3
330,moonmeh,2013-7-3
331,Prufrock451,2013-7-3
332,powercow,2013-7-5
333,AssumeTheFetal,2013-7-7
334,fugololo,2013-7-7
335,PaintedCeiling,2013-7-8
336,UnholyDemigod,2013-7-8
337,CharlieDarwin2,2013-7-9
338,saturn_,2013-7-11
339,LearningLifeAsIGo,2013-7-11
340,IranianGenius,2013-7-11
341,thedarkknightcrisis,2013-7-12
342,Ghostshirts,2013-7-12
343,downvotethiscontent,2013-7-12
344,theNYEHHH,2013-7-14
345,NoMoreNicksLeft,2013-7-14
346,CationBot,2013-7-14
347,greycubed,2013-7-15
348,Breathing_Balls,2013-7-18
349,StewieBanana,2013-7-19
350,gulpeg,2013-7-19
351,Neurotikitty,2013-7-22
352,Captian_Cocksmith,2013-7-22
353,attackmodeweeja,2013-7-22
354,anonymous123421,2013-7-23
355,ThePeanutBuddha,2013-7-23
356,KookyGuy,2013-7-24
357,BoonTobias,2013-7-24
358,MarshallMx,2013-7-24
359,BoooR,2013-7-24
360,jaycrew,2013-7-24
361,omcw,2013-7-24
362,Reesch,2013-7-25
363,cralledode,2013-7-26
364,The1RGood,2013-7-26
365,FartingBob,2013-7-28
366,ElderCunningham,2013-7-28
367,TheDictatorOfPussy,2013-7-28
368,combzy89,2013-7-28
369,mequals1m1w,2013-7-28
370,reverend_green1,2013-7-28
371,giveitago,2013-7-29
372,geekgirlpartier,2013-7-29
373,GovSchwarzenegger,2013-7-31
374,Scarbane,2013-8-1
375,Cherry-crush,2013-8-1
376,Thornnuminous,2013-8-1
377,hoikarnage,2013-8-1
378,Stratisphear,2013-8-1
379,POSTS_GIFS,2013-8-4
380,girafa,2013-8-4
381,internetsuperstar,2013-8-4
382,Roboticide,2013-8-4
383,kirbyfood,2013-8-4
384,charlatan,2013-8-4
385,jdk,2013-8-4
386,DonTago,2013-8-4
387,down_vote_magnet,2013-8-4
388,SensibleMadness,2013-8-4
389,Deimorz,2013-8-5
390,packos130,2013-8-7
391,empw,2013-8-7
392,strallweat,2013-8-7
393,bdang,2013-8-7
394,VerGuy,2013-8-7
395,DoremusJessup,2013-8-7
396,silence_hr,2013-8-7
397,TwoSwords,2013-8-7
398,SynonymForAnonymous,2013-8-7
399,My_Wife_Doesnt_Know,2013-8-7
400,empathyx,2013-8-7
401,pool92,2013-8-7
402,gothicmaster,2013-8-7
403,Dizzy_Slip,2013-8-7
404,syuk,2013-8-7
405,Strasse86,2013-8-7
406,Gman25431,2013-8-7
407,UlkeshNaranek,2013-8-7
408,bacoxtc,2013-8-7
409,secaa23,2013-8-7
410,WoopAhhh,2013-8-7
411,Mapes,2013-8-7
412,kevonicus,2013-8-7
413,rspix000,2013-8-7
414,Osterstriker,2013-8-7
415,CopyX,2013-8-7
416,KAPT_Kipper,2013-8-7
417,justamustache,2013-8-7
418,Afrotators,2013-8-7
419,Musicmantobes,2013-8-7
420,Accipehoc,2013-8-7
421,tillwalley,2013-8-7
422,I_Can_Haz_Brainz,2013-8-7
423,BunyipPouch,2013-8-7
424,theground2,2013-8-7
425,elsewhere1,2013-8-7
426,mic9ael,2013-8-7
427,mjk1093,2013-8-7
428,orionxx,2013-8-7
429,IsleCook,2013-8-7
430,AJS1991,2013-8-7
431,hannahjoy33,2013-8-7
432,UtopicVision,2013-8-7
433,odetocapitalism,2013-8-7
434,sketchampm,2013-8-7
435,madam1,2013-8-7
436,readerseven,2013-8-7
437,pnewell,2013-8-7
438,FalstaffBeer,2013-8-7
439,roger_,2013-8-7
440,3obaid,2013-8-7
441,gateflan,2013-8-7
442,NotANoveltyUser,2013-8-7
443,dave723,2013-8-7
444,mistermajik2000,2013-8-7
445,JiveMonkey,2013-8-7
446,surrenderdorothy,2013-8-7
447,digital,2013-8-7
448,gn3xu5,2013-8-7
449,TheGreatSantini,2013-8-7
450,sickboy_94,2013-8-7
451,ozzymustaine,2013-8-7
452,Bierrr,2013-8-7
453,PoliticBot,2013-8-7
454,EquanimousMind,2013-8-7
455,Sydviciouz,2013-8-7
456,ErrorlessGnome,2013-8-7
457,bubblr,2013-8-7
458,GraybackPH,2013-8-7
459,ddolson,2013-8-7
460,kondrat1983,2013-8-7
461,TrueWarrior,2013-8-7
462,pdmcmahon,2013-8-7
463,simon_wang12,2013-8-7
464,forceduse,2013-8-7
465,doogie92,2013-8-7
466,spreezy89,2013-8-7
467,EvilOldHausFrau,2013-8-7
468,cycophuk,2013-8-7
469,drednaught,2013-8-7
470,brom333,2013-8-7
471,salvia_d,2013-8-7
472,clifwith1f,2013-8-7
473,kraven420,2013-8-7
474,nastratin,2013-8-7
475,GonzoVeritas,2013-8-7
476,Piscator629,2013-8-7
477,skipperbob,2013-8-7
478,NewUploader1,2013-8-7
479,The2500,2013-8-7
480,AndresDM,2013-8-7
481,likk,2013-8-7
482,misterAction,2013-8-7
483,TJ555,2013-8-7
484,axolotl_peyotl,2013-8-7
485,namer98,2013-8-8
486,PsychoDuck,2013-8-8
487,fleckes,2013-8-8
488,Mr_Dr_Prof_Derp,2013-8-8
489,poopy_wizard132,2013-8-11
490,Subduction,2013-8-12
491,Jonny_Watts,2013-8-12
492,studmuffffffin,2013-8-12
493,Atheist101,2013-8-14
494,nunobo,2013-8-16
495,theaaronpaul,2013-8-16
496,ohmygord,2013-8-16
497,Tnomad,2013-8-16
498,ZeOppositeOfProgress,2013-8-16
499,adremeaux,2013-8-16
500,TheGreatPastaWars,2013-8-16
501,LyingPervert,2013-8-16
502,squatly,2013-8-16
503,BeowulfShaeffer,2013-8-21
504,dp85,2013-8-21
505,JakeCameraAction,2013-8-22
506,nermid,2013-8-23
507,Ihavenocomments,2013-8-23
508,ServerGeek,2013-8-23
509,Machinax,2013-8-23
510,noob_goldberg,2013-8-23
511,CTRL_ALT_RAPE,2013-8-27
512,ariiiiigold,2013-8-30
513,magicbullets,2013-8-30
514,SinisterKid,2013-8-30
515,Ice_tail,2013-8-30
516,main_hoon_na,2013-8-30
517,bubbal,2013-8-30
518,GhostOfPluto,2013-8-30
519,Vitalstatistix,2013-8-30
520,karmicviolence,2013-9-1
521,Klib,2013-9-2
522,CaptainNoBoat,2013-9-2
523,kaax,2013-9-2
524,Smeeee,2013-9-2
525,icorrectpettydetails,2013-9-2
526,tllnbks,2013-9-2
527,Honestly_,2013-9-3
528,OmegaVesko,2013-9-4
529,livefreeordont,2013-9-4
530,kimcheekumquat,2013-9-5
531,Osiris32,2013-9-5
532,CaptionBot,2013-9-6
533,zorospride,2013-9-6
534,arbili,2013-9-6
535,naughtylittlenurse,2013-9-8
536,RalphiesBoogers,2013-9-8
537,Vodka_Cereal,2013-9-9
538,JupitersClock,2013-9-9
539,rugtoad,2013-9-9
540,ramblerandgambler,2013-9-9
541,BigMurph26,2013-9-9
542,tillicum,2013-9-9
543,winter_storm,2013-9-9
544,ForgettableUsername,2013-9-11
545,immorta1,2013-9-12
546,haiku_robot,2013-9-13
547,myrpou,2013-9-13
548,barbie_museum,2013-9-14
549,PlanetoftheAtheists,2013-9-14
550,skullturf,2013-9-14
551,derajydac,2013-9-14
552,stanfan114,2013-9-14
553,TopdeBotton,2013-9-15
554,joetromboni,2013-9-15
555,IIHURRlCANEII,2013-9-16
556,CellularBeing,2013-9-16
557,deejay_reich,2013-9-17
558,hitrecordjoe_,2013-9-19
559,_Madonna,2013-9-19
560,dingobiscuits,2013-9-19
561,Streeb-Greebling,2013-9-19
562,DJP0N3,2013-9-19
563,D14BL0,2013-9-19
564,Coveiro,2013-9-19
565,DougDante,2013-9-19
566,Cynikal818,2013-9-23
567,TweetPoster,2013-9-24
568,Pravusmentis,2013-9-25
569,chadridesabike,2013-9-27
570,doc_daneeka,2013-9-27
571,NeoDestiny,2013-9-27
572,SweetNeo85,2013-9-27
573,Bloodysneeze,2013-9-27
574,NickOfferman,2013-9-28
575,Bryz_,2013-9-30
576,-GregTheGreat-,2013-10-7
577,Microsoftt,2013-10-7
578,raja_2000,2013-10-8
579,Join_You_In_The_Sun,2013-10-8
580,jesbaker,2013-10-8
581,haddis,2013-10-8
582,okmkz,2013-10-8
583,Lampmonster1,2013-10-8
584,mikemcg,2013-10-8
585,tomrhod,2013-10-8
586,jdbee,2013-10-8
587,happywaffle,2013-10-8
588,LiteraryBoner,2013-10-10
589,Jess_than_three,2013-10-15
590,Joseph_Valdez,2013-10-15
591,tkh0812,2013-10-15
592,bankergoesrawrr,2013-10-15
593,puffynips123,2013-10-15
594,IAMA_dragon-AMA,2013-10-16
595,99red,2013-10-16
596,Beerfueled,2013-10-19
597,HailToTheChimp,2013-10-21
598,mrflaco75,2013-10-21
599,LovesScience,2013-10-21
600,CannedBeef,2013-10-21
601,monkeiboi,2013-10-21
602,Our-Year,2013-10-28
603,balfoursyournephew,2013-10-28
604,Vsx,2013-10-28
605,Turfie146,2013-10-28
606,mandal0re,2013-10-28
607,gsfgf,2013-10-28
608,Thund3rbolt,2013-10-28
609,drewiepoodle,2013-10-28
610,mahamara,2013-10-28
611,pestilent_bronco,2013-10-28
612,dhaft88,2013-10-28
613,shun-16,2013-10-28
614,drunk_otter,2013-10-28
615,pics-or-didnt-happen,2013-10-29
616,sonofaresiii,2013-10-29
617,oPHILcial,2013-10-29
618,mrbooze,2013-10-29
619,iamadogforreal,2013-10-29
620,drawingdead0,2013-10-31
621,kmad,2013-11-3
622,gnostic_cat,2013-11-3
623,112233445566778899,2013-11-3
624,Dimachaerus,2013-11-4
625,Robby5566,2013-11-4
626,mach-2,2013-11-4
627,BaconCat,2013-11-4
628,Geminii27,2013-11-4
629,perezidentt,2013-11-4
630,Odusei,2013-11-8
631,ares_god_not_sign,2013-11-8
632,Albuyeh,2013-11-8
633,ceilingkat,2013-11-8
634,laddergoat89,2013-11-8
635,The_Evil_Within,2013-11-8
636,Maxxters,2013-11-8
637,mistersavage,2013-11-8
638,i_crave_more_cowbell,2013-11-10
639,notbob-,2013-11-10
640,shadow1515,2013-11-10
641,Gawdzillers,2013-11-10
642,Liar_tuck,2013-11-10
643,esiper,2013-11-10
644,SharkPanda,2013-11-11
645,leontes,2013-11-11
646,zerbey,2013-11-12
647,4_pr0n,2013-11-13
648,LetsSeeWhatHappen,2013-11-14
649,DickRhino,2013-11-14
650,cyberscythe,2013-11-14
651,User_Name13,2013-11-14
652,Stoltz3,2013-11-14
653,cptcliche,2013-11-14
654,N8theGr8,2013-11-14
655,beaverteeth92,2013-11-15
656,TenBeers,2013-11-15
657,Vmoney1337,2013-11-16
658,aabbccatx,2013-11-21
659,ShallowBasketcase,2013-11-21
660,imbignate,2013-11-21
661,peon47,2013-11-21
662,jonathanrdt,2013-11-21
663,Omnipotent_Goose,2013-11-21
664,klsi832,2013-11-21
665,imaunitard,2013-11-21
666,Nate__,2013-11-21
667,HallucinoJER,2013-11-21
668,ericidle,2013-11-21
669,kismor,2013-11-21
670,BloodQueef_McOral,2013-11-22
671,nomansland333,2013-11-25
672,matt01ss,2013-11-25
673,wattmeter,2013-11-25
674,MasterT231,2013-11-27
675,coleosis1414,2013-11-27
676,sacredserenity,2013-11-27
677,MyOtherCarIsEpona,2013-11-27
678,KingNick,2013-11-27
679,Coffeh,2013-11-28
680,rozyhammer,2013-11-28
681,iia,2013-11-28
682,probably_has_herpes,2013-11-29
683,PinkSlimeIsPeople,2013-11-30
684,railmaniac,2013-12-2
685,the_opinion,2013-12-2
686,SnipeyMcSnipe,2013-12-2
687,Ihmhi,2013-12-2
688,rawbamatic,2013-12-2
689,emr1028,2013-12-3
690,douglasmacarthur,2013-12-5
691,WhiteEternalKnight,2013-12-6
692,Orchard_Park,2013-12-6
693,responsible1,2013-12-6
694,NaptownSwagger,2013-12-6
695,ass_munch_reborn,2013-12-6
696,Dear_Occupant,2013-12-9
697,HORSE_SIZED_DICK,2013-12-9
698,mauxly,2013-12-9
699,joecooool418,2013-12-9
700,smacksaw,2013-12-9
701,CaptainStew,2013-12-9
702,SAT0725,2013-12-9
703,satanismyhomeboy,2013-12-11
704,kreimerd,2013-12-11
705,andytuba,2013-12-12
706,WombatDominator,2013-12-12
707,murdahmamurdah,2013-12-12
708,notjawn,2013-12-12
709,Battletooth,2013-12-12
710,citizen_coping,2013-12-13
711,1Voice1Life,2013-12-14
712,atthebuzzer,2013-12-14
713,TestZero,2013-12-14
714,Rixxer,2013-12-14
715,OIP,2013-12-14
716,ONE_GUY_ONE_JAR,2013-12-15
717,Aerron,2013-12-17
718,slashVictorWard,2013-12-18
719,JonLuca,2013-12-18
720,holdenwook,2013-12-18
721,iamesauce,2013-12-23
722,bodom2245,2013-12-23
723,Helen_A_Handbasket,2013-12-23
724,Captain_McFiesty,2013-12-23
725,vast_amounts,2013-12-24
726,ReferencesCartoons,2013-12-27
727,sashimi_taco,2013-12-27
728,eternalkerri,2013-12-27
729,TristanTheViking,2013-12-27
730,Eliwood_of_Pherae,2013-12-28
731,jdpatric,2013-12-28
732,LiterallyOuttoLunch,2013-12-28
733,thebobstu,2013-12-28
734,natalieastak,2013-12-28
735,kid-karma,2013-12-31
736,mostlynein,2013-12-31
737,DarthContinent,2013-12-31
738,zimvi,2013-12-31
739,Quebe,2014-1-1
740,DoubleDickDude,2014-1-2
741,curdt79,2014-1-2
742,fourpercent,2014-1-2
743,emlgsh,2014-1-2
744,MoreSteakLessFanta,2014-1-2
745,chakalakasp,2014-1-2
746,jaketocake,2014-1-4
747,eye_sick,2014-1-7
748,stengebt,2014-1-7
749,_Seinfeld,2014-1-7
750,BlackCaaaaat,2014-1-9
751,hansjens47,2014-1-11
752,InfamousBLT,2014-1-13
753,Katie_Pornhub,2014-1-13
754,ntheg111,2014-1-13
755,farceur318,2014-1-13
756,elpasowestside,2014-1-13
757,Dr_fish,2014-1-13
758,thehonestyfish,2014-1-13
759,Oznog99,2014-1-13
760,j0be,2014-1-13
761,Willravel,2014-1-14
762,iam4real,2014-1-14
763,IamLeven,2014-1-15
764,alexxerth,2014-1-16
765,this_time_i_mean_it,2014-1-18
766,smooshie,2014-1-20
767,bunglejerry,2014-1-20
768,The_Director,2014-1-20
769,Ze-skywalker,2014-1-20
770,fa53,2014-1-20
771,diegojones4,2014-1-20
772,DreadfulRauw,2014-1-20
773,KEEPCARLM,2014-1-20
774,Poemi,2014-1-21
775,Dorkside,2014-1-22
776,Anal_Explorer,2014-1-23
777,donald_faison,2014-1-24
778,Cylinsier,2014-1-24
779,Rob_G,2014-1-24
780,Sykotik,2014-1-26
781,tacothecat,2014-1-28
782,Tom_Bombadilll,2014-1-29
783,ratajewie,2014-1-29
784,day465,2014-1-29
785,Yserbius,2014-1-29
786,HalfysReddit,2014-1-29
787,dog_in_the_vent,2014-1-29
788,Squalor-,2014-1-29
789,autowikibot,2014-1-30
790,uhhhhmmmm,2014-2-4
791,_WillFerrell,2014-2-5
792,Motha_Effin_Kitty_Yo,2014-2-7
793,Dead_Rooster,2014-2-10
794,thisisbillgates,2014-2-10
795,xvvhiteboy,2014-2-12
796,ANAL_PLUNDERING,2014-2-13
797,iamkokonutz,2014-2-13
798,mellowmonk,2014-2-13
799,AdamBombTV,2014-2-17
800,HonorInDefeat,2014-2-17
801,Lankygit,2014-2-17
802,sehrozsehroz,2014-2-17
803,koolizz,2014-2-17
804,HonorConnor,2014-2-18
805,IAmAWhaleBiologist,2014-2-18
806,mar10wright,2014-2-19
807,HarleyMore,2014-2-21
808,strolls,2014-2-21
809,iamtheraptor,2014-2-23
810,sellyourcomputer,2014-2-25
811,WhiteZoneShitAgain,2014-2-26
812,ParanoidAndroids,2014-2-27
813,SlightlyStable,2014-2-27
814,PuroMichoacan,2014-2-28
815,real_nice_guy,2014-2-28
816,TAU_equals_2PI,2014-3-1
817,knylok,2014-3-3
818,PEE_ALL_OVER_ME,2014-3-3
819,SirJukesALot,2014-3-7
820,HunterTV,2014-3-7
821,HITMAN616,2014-3-7
822,Frostiken,2014-3-12
823,orbojunglist,2014-3-13
824,Scientologist2a,2014-3-14
825,jerrylovesbacon,2014-3-16
826,kickme444,2014-3-16
827,NicholasCajun,2014-3-16
828,lolpancakeslol,2014-3-17
829,riboflavins,2014-3-17
830,yourdadsbff,2014-3-17
831,SirSoliloquy,2014-3-22
832,tricky3737,2014-3-24
833,Velorium_Camper,2014-3-24
834,Nictionary,2014-3-24
835,outerdrive313,2014-3-24
836,Careless_Con,2014-3-24
837,whats_the_diehl,2014-3-24
838,Newshoe,2014-3-24
839,LutzExpertTera,2014-3-24
840,jet_tripleseven,2014-3-24
841,kingtrewq,2014-3-24
842,GrinningPariah,2014-3-25
843,Hyro0o0,2014-3-25
844,EsquireKing,2014-3-25
845,bacon_cake,2014-3-25
846,someguyfromtheuk,2014-3-26
847,Ragnalypse,2014-3-28
848,laterdude,2014-3-28
849,Butthole__Pleasures,2014-3-28
850,7banans,2014-3-29
851,NickDerpkins,2014-3-29
852,Thrackerz0d,2014-3-30
853,TimIsWin,2014-3-30
854,Josh_Thompson,2014-3-30
855,Toyou4yu,2014-4-3
856,fetfet50,2014-4-6
857,ZincHead,2014-4-6
858,Ich_Putz_Hier_Nur,2014-4-7
859,deadskin,2014-4-7
860,ROFL_COPTER_EXTREME,2014-4-8
861,tyobama,2014-4-8
862,alage21,2014-4-9
863,facepalminghomer,2014-4-9
864,starthirteen,2014-4-9
865,pepsiguy24,2014-4-9
866,32koala,2014-4-9
867,Kongo204,2014-4-9
868,OP_rah,2014-4-9
869,NoNeedForAName,2014-4-9
870,PaperkutRob,2014-4-9
871,powerzjim,2014-4-9
872,SuperCub,2014-4-9
873,thatblacksamurai,2014-4-9
874,misnamed,2014-4-10
875,streetlite,2014-4-10
876,TheShrinkingGiant,2014-4-10
877,Andewz111,2014-4-10
878,G_Morgan,2014-4-10
879,Val_Hallen,2014-4-10
880,Clumpy,2014-4-10
881,greenyellowbird,2014-4-10
882,kingeryck,2014-4-10
883,firex726,2014-4-10
884,superwinner,2014-4-10
885,parker_dub,2014-4-10
886,spaceghoti,2014-4-10
887,Dr_Medic345,2014-4-10
888,alexanderwales,2014-4-10
889,sevpay,2014-4-10
890,Mogwoggle,2014-4-10
891,tootie,2014-4-10
892,jamurp,2014-4-10
893,SpinningHead,2014-4-10
894,lolmonger,2014-4-10
895,michaellicious,2014-4-10
896,quantumcipher,2014-4-10
897,JMaboard,2014-4-10
898,Mumbletimes,2014-4-10
899,dexterpoopybaby,2014-4-10
900,mutatron,2014-4-10
901,HittingSmoke,2014-4-10
902,DaLateDentArthurDent,2014-4-10
903,Feroshnikop,2014-4-10
904,GentlemenBehold,2014-4-10
905,ANewMachine615,2014-4-10
906,BangingABigTheory,2014-4-10
907,vhmPook,2014-4-10
908,heavyhebrew,2014-4-10
909,TheMeatball,2014-4-10
910,Lonelan,2014-4-10
911,hansn,2014-4-10
912,thunderling,2014-4-10
913,chabanais,2014-4-10
914,Mac4491,2014-4-10
915,lotictrance,2014-4-10
916,eaturbrainz,2014-4-10
917,Chris_DK,2014-4-10
918,Lots42,2014-4-10
919,SanchoMandoval,2014-4-10
920,celestialism,2014-4-10
921,zoidberg1339,2014-4-10
922,Yellowben,2014-4-10
923,FabulousFlavor,2014-4-10
924,sehrah,2014-4-10
925,Xenc,2014-4-10
926,meme-com-poop,2014-4-10
927,Nerdlinger,2014-4-10
928,Neebat,2014-4-10
929,HotPikachuSex,2014-4-10
930,TheIcelander,2014-4-10
931,letdogsvote,2014-4-10
932,adrianmonk,2014-4-10
933,jrhoffa,2014-4-10
934,daybreaker,2014-4-10
935,jscoppe,2014-4-10
936,xisytenin,2014-4-10
937,SaltyBabe,2014-4-10
938,flume,2014-4-11
939,gsxr,2014-4-11
940,phrakture,2014-4-11
941,bizitmap,2014-4-11
942,N0V0w3ls,2014-4-11
943,C-Ron,2014-4-11
944,FrankReynolds,2014-4-11
945,Sharrakor,2014-4-11
946,RojoCinco,2014-4-11
947,StopReadingMyUser,2014-4-11
948,arrjayjee,2014-4-11
949,RobotBuddha,2014-4-11
950,Hypobasis,2014-4-11
951,SpermJackalope,2014-4-11
952,rocket2guns,2014-4-11
953,zgh5002,2014-4-11
954,armauld,2014-4-11
955,adaminc,2014-4-11
956,AsskickMcGee,2014-4-11
957,Shaysdays,2014-4-11
958,kidkvlt,2014-4-11
959,Raktoner,2014-4-11
960,bluthru,2014-4-11
961,TheSandyRavage,2014-4-11
962,serendipitybot,2014-4-11
963,sirbruce,2014-4-11
964,Bronan_the_Brobarian,2014-4-11
965,eifersucht12a,2014-4-11
966,flamingboard,2014-4-11
967,the2belo,2014-4-11
968,mubukugrappa,2014-4-11
969,Revoran,2014-4-11
970,ClintonHarvey,2014-4-11
971,rasputine,2014-4-11
972,The_Adventurist,2014-4-11
973,gologologolo,2014-4-11
974,Lolworth,2014-4-11
975,DanWallace,2014-4-11
976,Frankeh,2014-4-11
977,Richeh,2014-4-11
978,snoharm,2014-4-11
979,cdigioia,2014-4-11
980,Vik1ng,2014-4-11
981,yangar,2014-4-11
982,lolalodge,2014-4-11
983,DIGGYRULES,2014-4-11
984,sydneygamer,2014-4-11
985,The_Serious_Account,2014-4-11
986,thesorrow312,2014-4-11
987,TaintedSquirrel,2014-4-11
988,ENKC,2014-4-11
989,Naly_D,2014-4-11
990,TheCodexx,2014-4-11
991,lemonylips,2014-4-11
992,dirtymoney,2014-4-11
993,Melanismdotcom,2014-4-11
994,randoh12,2014-4-11
995,McBurger,2014-4-11
996,thorismybitch,2014-4-11
997,APeacefulWarrior,2014-4-11
998,Crazy-Pete,2014-4-11
999,Zosoer,2014-4-11
1000,Shredder13,2014-4-11
1001,slapdashbr,2014-4-11
1002,nate800,2014-4-11
1003,funkyb,2014-4-11
1004,arachnophilia,2014-4-11
1005,ethan_kahn,2014-4-11
1006,I_smell_awesome,2014-4-11
1007,WasteOfFrog,2014-4-11
1008,Naggers123,2014-4-11
1009,epicgeek,2014-4-11
1010,McCyanide,2014-4-11
1011,riomhaire,2014-4-11
1012,brainburger,2014-4-11
1013,Rob1150,2014-4-11
1014,ocdscale,2014-4-11
1015,Boner4SCP106,2014-4-11
1016,SourCreamWater,2014-4-11
1017,kevie3drinks,2014-4-11
1018,spazmodic-,2014-4-11
1019,DoTheDew,2014-4-11
1020,MuForceShoelace,2014-4-11
1021,raziphel,2014-4-11
1022,meltedlaundry,2014-4-11
1023,ThisOpenFist,2014-4-11
1024,limbodog,2014-4-11
1025,ChaosMotor,2014-4-11
1026,StChas77,2014-4-11
1027,BrianDawkins,2014-4-11
1028,IanicRR,2014-4-11
1029,Nougat,2014-4-11
1030,Hyperdrunk,2014-4-11
1031,wesman212,2014-4-11
1032,GAMEchief,2014-4-11
1033,TheWhiteeKnight,2014-4-11
1034,Red_AtNight,2014-4-11
1035,Kowzorz,2014-4-11
1036,Phoequinox,2014-4-11
1037,Chtorrr,2014-4-11
1038,Wild_Marker,2014-4-11
1039,Aikidi,2014-4-11
1040,Artvandelay1,2014-4-11
1041,A_Polite_Noise,2014-4-11
1042,lisabadcat,2014-4-11
1043,OWNtheNWO,2014-4-11
1044,xyroclast,2014-4-11
1045,Drawtaru,2014-4-11
1046,argv_minus_one,2014-4-11
1047,TracyMorganFreeman,2014-4-11
1048,Kalium,2014-4-11
1049,1338h4x,2014-4-11
1050,CoomassieBlue,2014-4-11
1051,rocketman0739,2014-4-11
1052,skarface6,2014-4-11
1053,R88SHUN,2014-4-12
1054,vivvav,2014-4-12
1055,Eurynom0s,2014-4-12
1056,IIdsandsII,2014-4-12
1057,foxh8er,2014-4-12
1058,The_Painted_Man,2014-4-12
1059,CiscoCertified,2014-4-12
1060,ZadocPaet,2014-4-12
1061,Stingray88,2014-4-12
1062,elbruce,2014-4-12
1063,savoytruffle,2014-4-12
1064,Sir_Fancy_Pants,2014-4-12
1065,sourcreamjunkie,2014-4-12
1066,doctechnical,2014-4-12
1067,deesmutts88,2014-4-12
1068,JudgeWhoAllowsStuff,2014-4-12
1069,SirJiggart,2014-4-12
1070,Enleat,2014-4-12
1071,360walkaway,2014-4-12
1072,coolcrosby,2014-4-12
1073,Wazowski,2014-4-12
1074,SonicFlash01,2014-4-12
1075,Fuqwon,2014-4-12
1076,Gingor,2014-4-12
1077,APiousCultist,2014-4-12
1078,thedeejus,2014-4-12
1079,orthag,2014-4-12
1080,FreddieFreelance,2014-4-12
1081,DeFex,2014-4-12
1082,gndn,2014-4-12
1083,Lobo2ffs,2014-4-12
1084,latticusnon,2014-4-12
1085,ginja_ninja,2014-4-12
1086,Neato,2014-4-12
1087,istara,2014-4-12
1088,Kode47,2014-4-12
1089,DJBJ,2014-4-12
1090,Godolin,2014-4-12
1091,AKnightAlone,2014-4-12
1092,FrankManic,2014-4-12
1093,classic__schmosby,2014-4-12
1094,neuromonkey,2014-4-12
1095,Cayou,2014-4-12
1096,goatcoat,2014-4-12
1097,D3cker,2014-4-12
1098,Tulki,2014-4-12
1099,cultured_banana_slug,2014-4-12
1100,Little_Lion,2014-4-12
1101,onanym,2014-4-12
1102,IAMAVelociraptorAMA,2014-4-12
1103,lakerswiz,2014-4-12
1104,SirDigbyChknCaesar,2014-4-12
1105,-Badger-,2014-4-12
1106,EvilHom3r,2014-4-12
1107,McFeely_Smackup,2014-4-12
1108,fuckyoubarry,2014-4-12
1109,TimeTravelMishap,2014-4-12
1110,ouihpjp,2014-4-12
1111,MrCheeze,2014-4-12
1112,moparornocar,2014-4-12
1113,gfixler,2014-4-13
1114,Airazz,2014-4-13
1115,iaccidentlytheworld,2014-4-13
1116,WhipIash,2014-4-13
1117,vigorous,2014-4-13
1118,Hypersapien,2014-4-13
1119,Nessie,2014-4-13
1120,Deradius,2014-4-13
1121,xXSquareHeadXx,2014-4-13
1122,Thoraxe,2014-4-13
1123,roneman815,2014-4-13
1124,Sugreev2001,2014-4-13
1125,Battlesheep,2014-4-13
1126,enjoytheshow,2014-4-13
1127,Divotus,2014-4-13
1128,thegrassyknoll,2014-4-13
1129,spriggig,2014-4-13
1130,ME24601,2014-4-13
1131,malleus__maleficarum,2014-4-13
1132,canausernamebetoolon,2014-4-13
1133,davvblack,2014-4-13
1134,jimflaigle,2014-4-13
1135,N8CCRG,2014-4-13
1136,thebendavis,2014-4-13
1137,-Damien-,2014-4-13
1138,ShakeNBakey,2014-4-13
1139,dietotaku,2014-4-13
1140,Tantric989,2014-4-13
1141,willymo,2014-4-13
1142,dre10g,2014-4-13
1143,mrpopenfresh,2014-4-13
1144,Theemuts,2014-4-13
1145,Ars_Y,2014-4-13
1146,acog,2014-4-13
1147,ZorbaTHut,2014-4-13
1148,YouListening,2014-4-13
1149,duckman273,2014-4-13
1150,Moruitelda,2014-4-13
1151,mementomori4,2014-4-13
1152,texacer,2014-4-13
1153,dakboy,2014-4-13
1154,tits_hemingway,2014-4-13
1155,TheCodeIsBosco,2014-4-13
1156,jax9999,2014-4-13
1157,LiftThingsUpThenDown,2014-4-13
1158,jhc1415,2014-4-13
1159,Toribor,2014-4-13
1160,jesusinabottle,2014-4-14
1161,fiction8,2014-4-14
1162,nameless88,2014-4-14
1163,Solkre,2014-4-14
1164,Patinetlyimpatient,2014-4-14
1165,masklinn,2014-4-14
1166,jordanlund,2014-4-14
1167,Xanthan81,2014-4-14
1168,Buscat,2014-4-14
1169,balchynz,2014-4-14
1170,whatevers_clever,2014-4-14
1171,Silent-G,2014-4-14
1172,skybike,2014-4-14
1173,AlwaysDefenestrated,2014-4-14
1174,dustlesswalnut,2014-4-14
1175,blackstar9000,2014-4-14
1176,Digimule,2014-4-14
1177,imnotacrazyperson,2014-4-14
1178,Gh0stHunt3r,2014-4-14
1179,CelebornX,2014-4-14
1180,Lord_Varys,2014-4-14
1181,lordjimbob01,2014-4-14
1182,soonerguy11,2014-4-14
1183,uptwolait,2014-4-14
1184,divinesleeper,2014-4-14
1185,ibarabi,2014-4-14
1186,soggit,2014-4-14
1187,redditor3000,2014-4-14
1188,Spartan2470,2014-4-14
1189,owenstumor,2014-4-14
1190,NinjaDiscoJesus,2014-4-14
1191,emohipster,2014-4-14
1192,Lillipout,2014-4-14
1193,toinfinitiandbeyond,2014-4-14
1194,BRBaraka,2014-4-14
1195,coffeetablesex,2014-4-15
1196,bean0s0rz,2014-4-15
1197,waiting_for_rain,2014-4-15
1198,FallingSnowAngel,2014-4-15
1199,lesser_panjandrum,2014-4-15
1200,DeathToPennies,2014-4-15
1201,layendecker,2014-4-15
1202,nothis,2014-4-15
1203,BrotherSeamus,2014-4-15
1204,IKingJeremy,2014-4-15
1205,isleepinahammock,2014-4-15
1206,cumfarts,2014-4-15
1207,nonsensepoem,2014-4-15
1208,junkit33,2014-4-15
1209,crimsonandred88,2014-4-15
1210,Jux_,2014-4-15
1211,UncreativeTeam,2014-4-15
1212,Chairboy,2014-4-15
1213,Avien,2014-4-15
1214,Oxxide,2014-4-15
1215,mynoduesp,2014-4-15
1216,green_flash,2014-4-15
1217,Radico87,2014-4-15
1218,stillnotking,2014-4-15
1219,eric_twinge,2014-4-15
1220,senatorskeletor,2014-4-15
1221,moby323,2014-4-15
1222,chicofaraby,2014-4-15
1223,cwstjnobbs,2014-4-15
1224,MeloJelo,2014-4-15
1225,cos,2014-4-16
1226,frickindeal,2014-4-16
1227,InferiousX,2014-4-16
1228,amcrastinator,2014-4-16
1229,Buck-Nasty,2014-4-16
1230,hmistry,2014-4-16
1231,Rhamni,2014-4-16
1232,TheTreelo,2014-4-16
1233,the_k_i_n_g,2014-4-16
1234,Wisdom_from_the_Ages,2014-4-16
1235,Metamorphism,2014-4-16
1236,holyerthanthou,2014-4-16
1237,molrobocop,2014-4-16
1238,Teekoo,2014-4-16
1239,Jwebs,2014-4-16
1240,pistoncivic,2014-4-16
1241,Sir5000,2014-4-16
1242,LinuxFreeOrDie,2014-4-16
1243,Citisol,2014-4-16
1244,Uncle_Erik,2014-4-16
1245,worldbeyondyourown,2014-4-16
1246,Spazit,2014-4-16
1247,cyclopath,2014-4-16
1248,C_IsForCookie,2014-4-17
1249,Himecchi,2014-4-17
1250,Ceejae,2014-4-17
1251,JSKlunk,2014-4-17
1252,wolfvision,2014-4-17
1253,Hue__Jass,2014-4-17
1254,zeug666,2014-4-17
1255,DigitalChocobo,2014-4-17
1256,GundamWang,2014-4-17
1257,kcman011,2014-4-17
1258,pete1729,2014-4-17
1259,captainmagictrousers,2014-4-17
1260,Lt_Shniz,2014-4-17
1261,stimbus,2014-4-17
1262,Fantasysage,2014-4-17
1263,nowhathappenedwas,2014-4-17
1264,puredemo,2014-4-17
1265,chilidirigible,2014-4-17
1266,Mr_Smartypants,2014-4-17
1267,jooes,2014-4-17
1268,portablebiscuit,2014-4-17
1269,MileHighBarfly,2014-4-17
1270,Mystery_Hours,2014-4-18
1271,Quatroking,2014-4-18
1272,eats_shit_and_dies,2014-4-18
1273,flargenhargen,2014-4-18
1274,severedfragile,2014-4-18
1275,TheLeviathong,2014-4-18
1276,stillalone,2014-4-18
1277,Vranak,2014-4-18
1278,I_messed_up_bad,2014-4-18
1279,jonosvision,2014-4-18
1280,GhostlyGirl,2014-4-18
1281,wsgy111,2014-4-18
1282,TurnerJ5,2014-4-18
1283,BycDsz,2014-4-19
1284,hivoltage815,2014-4-19
1285,kragmoor,2014-4-19
1286,sge_fan,2014-4-19
1287,lil-praying-mantis,2014-4-19
1288,Backupusername,2014-4-19
1289,megustadotjpg,2014-4-19
1290,this_sort_of_thing,2014-4-19
1291,poesie,2014-4-19
1292,Mackinstyle,2014-4-19
1293,BrightenthatIdea,2014-4-19
1294,RoswellSpaceman,2014-4-19
1295,AnteChronos,2014-4-19
1296,CoolAsACucumber,2014-4-19
1297,Crim91,2014-4-19
1298,Asks_Politely,2014-4-20
1299,random_digital,2014-4-20
1300,Virakis,2014-4-20
1301,kabukistar,2014-4-20
1302,Waffuls,2014-4-20
1303,iriemeditation,2014-4-20
1304,Danielfair,2014-4-21
1305,NyranK,2014-4-21
1306,x54dc5zx8,2014-4-21
1307,ArchangelPT,2014-4-21
1308,CrystalElyse,2014-4-21
1309,munificent,2014-4-21
1310,ubomw,2014-4-21
1311,morganeisenberg,2014-4-21
1312,Rawtashk,2014-4-21
1313,SawRub,2014-4-21
1314,Thor4269,2014-4-21
1315,cyberslick188,2014-4-21
1316,tokomini,2014-4-21
1317,abdullah10,2014-4-21
1318,bullmoose_atx,2014-4-21
1319,basec0m,2014-4-22
1320,StabbyPants,2014-4-22
1321,andrewjackson5,2014-4-22
1322,ispoileditright,2014-4-22
1323,TheJoePilato,2014-4-22
1324,ontopic,2014-4-22
1325,OKfour,2014-4-22
1326,MidwestDrummer,2014-4-22
1327,TheEllimist,2014-4-22
1328,geekmuseNU,2014-4-22
1329,SuperSalopian7,2014-4-22
1330,mackinoncougars,2014-4-22
1331,Freddie_AppsHero,2014-4-24
1332,Rountree1,2014-4-24
1333,EyeCWhatUDidThere,2014-4-24
1334,monkeedude1212,2014-4-24
1335,Clatsop,2014-4-24
1336,dropkickninja,2014-4-24
1337,vforprez,2014-4-24
1338,lawyer_by_day,2014-4-24
1339,Z3F,2014-4-24
1340,AnotherClosetAtheist,2014-4-24
1341,goingfullretard-orig,2014-4-25
1342,Thepimpandthepriest,2014-4-25
1343,Damadawf,2014-4-25
1344,BangAndAWhimper,2014-4-25
1345,LittleMissP,2014-4-25
1346,madcat033,2014-4-25
1347,Ze_Carioca,2014-4-25
1348,big_al11,2014-4-25
1349,BrainSlurper,2014-4-25
1350,dakru,2014-4-26
1351,newtothelyte,2014-4-26
1352,Pufflekun,2014-4-27
1353,venuswasaflytrap,2014-4-27
1354,petgeo,2014-4-27
1355,iglidante,2014-4-27
1356,hazysummersky,2014-4-27
1357,5th_Law_of_Robotics,2014-4-27
1358,garfieldsam,2014-4-27
1359,DickFrenzy,2014-4-27
1360,MisterDonkey,2014-4-27
1361,Aww_Shucks,2014-4-27
1362,workpuppy,2014-4-27
1363,CJGibson,2014-4-27
1364,flash_memory,2014-4-27
1365,mamba_79,2014-4-27
1366,Stop_Sign,2014-4-27
1367,DELTATKG,2014-4-27
1368,Monkits,2014-4-28
1369,meyamashi,2014-4-28
1370,freudian_nipple_slip,2014-4-28
1371,TheCid,2014-4-28
1372,verbalsoze,2014-4-28
1373,awhiskeyshot,2014-4-28
1374,thepensivepoet,2014-4-28
1375,Rocker13666,2014-4-28
1376,Mulsanne,2014-4-28
1377,ProximaC,2014-4-28
1378,dnc12,2014-4-28
1379,PaisanTed,2014-4-29
1380,gjallard,2014-4-29
1381,vadergeek,2014-4-29
1382,jlew24asu,2014-4-29
1383,IAmAn_Assassin,2014-4-29
1384,FarmerTedd,2014-4-29
1385,Delores_Herbig,2014-4-29
1386,ademnus,2014-4-29
1387,Shappie,2014-4-30
1388,whorerat,2014-4-30
1389,Wrym,2014-4-30
1390,byconcept,2014-4-30
1391,the_last_broadcast,2014-4-30
1392,dragonworthy,2014-4-30
1393,KevlarYarmulke,2014-4-30
1394,kurin,2014-5-1
1395,oddmanout,2014-5-1
1396,BigFishMcNish,2014-5-2
1397,SNCommand,2014-5-2
1398,MrMastodon,2014-5-2
1399,Magnon,2014-5-2
1400,Kuonji,2014-5-2
1401,punkpixzsticks,2014-5-2
1402,olafthebent,2014-5-3
1403,josemc,2014-5-3
1404,Keksus_,2014-5-3
1405,namraka,2014-5-3
1406,dermballs,2014-5-3
1407,mayonesa,2014-5-3
1408,0xD153A53,2014-5-3
1409,SvenHudson,2014-5-3
1410,LettersFromTheSky,2014-5-3
1411,TomasRoncero,2014-5-3
1412,Madock345,2014-5-4
1413,Leo-D,2014-5-4
1414,jaggazz,2014-5-4
1415,Hormander,2014-5-4
1416,Aznb01p,2014-5-4
1417,Sureiyaa,2014-5-4
1418,Khiva,2014-5-4
1419,ablebodiedmango,2014-5-5
1420,Centuron,2014-5-5
1421,God_Wills_It_,2014-5-5
1422,nmezib,2014-5-5
1423,keraneuology,2014-5-5
1424,HotshotGG,2014-5-6
1425,TheDentite,2014-5-6
1426,BonerBoy,2014-5-6
1427,Dyrus,2014-5-6
1428,howimetyomama,2014-5-6
1429,Bk7,2014-5-6
1430,YouPickMyName,2014-5-6
1431,CrisisOfConsonant,2014-5-6
1432,MLBM100,2014-5-6
1433,Nikhilvoid,2014-5-6
1434,almostwhatshesaid,2014-5-6
1435,Riceburger,2014-5-6
1436,UlyssesSKrunk,2014-5-6
1437,iamstandingbehindyou,2014-5-6
1438,omnilynx,2014-5-7
1439,Bemuzed,2014-5-7
1440,Zomdifros,2014-5-7
1441,______DEADPOOL______,2014-5-7
1442,Ruddiver,2014-5-7
1443,RedAero,2014-5-7
1444,Eaglezzz,2014-5-7
1445,HighSorcerer,2014-5-7
1446,engals,2014-5-7
1447,RubberDong,2014-5-8
1448,Honey_Otter,2014-5-8
1449,kevik72,2014-5-8
1450,Aspel,2014-5-8
1451,CBInThisHo,2014-5-8
1452,fiona63,2014-5-9
1453,fnord-prefect,2014-5-9
1454,lostcanuck,2014-5-9
1455,MOLDY_QUEEF_BARF,2014-5-9
1456,kingoftown,2014-5-9
1457,SpartaWillBurn,2014-5-9
1458,cubedG,2014-5-9
1459,global___warming,2014-5-9
1460,AATroop,2014-5-10
1461,SpermWhale,2014-5-10
1462,LuxNocte,2014-5-10
1463,MrDNL,2014-5-11
1464,BlakeClass,2014-5-11
1465,Bandalo,2014-5-11
1466,JEHLCAUNBTHGTBAWRL,2014-5-11
1467,AscentofDissent,2014-5-12
1468,raging_asshole,2014-5-12
1469,BigLlamasHouse,2014-5-14
1470,Phunk131,2014-5-14
1471,StarwarsIndianajones,2014-5-14
1472,atomfullerene,2014-5-14
1473,Cikedo,2014-5-14
1474,SomeRandomRedditor,2014-5-15
1475,NecroGod,2014-5-15
1476,squashedfrog462,2014-5-15
1477,Kill_Welly,2014-5-15
1478,komodo_dragonzord,2014-5-15
1479,brezzz,2014-5-16
1480,notscientific,2014-5-16
1481,Wickster35,2014-5-16
1482,lillyjb,2014-5-16
1483,brycedriesenga,2014-5-16
1484,GreenStrong,2014-5-16
1485,squalorid,2014-5-16
1486,sloanesteel,2014-5-17
1487,Killfuck_Soulshitter,2014-5-17
1488,calamormine,2014-5-17
1489,The_Flabbergaster,2014-5-17
1490,weezer3989,2014-5-17
1491,BonsaiGoat,2014-5-17
1492,chubachus,2014-5-17
1493,dlan4327,2014-5-17
1494,gibbonator,2014-5-18
1495,ExogenBreach,2014-5-18
1496,trauma_kmart,2014-5-18
1497,texanwill,2014-5-18
1498,haxorroxor,2014-5-18
1499,ras344,2014-5-18
1500,Conan97,2014-5-19
1501,krispykrackers,2014-5-19
1502,jokes_on_you,2014-5-19
1503,ThatParanoidPenguin,2014-5-19
1504,tdt30,2014-5-19
1505,tonyskates,2014-5-19
1506,abenton,2014-5-19
1507,r_fappygood,2014-5-20
1508,thephotoman,2014-5-20
1509,mrmpr,2014-5-20
1510,thejaytheory,2014-5-20
1511,elegylegacy,2014-5-20
1512,noonches,2014-5-20
1513,manbrasucks,2014-5-20
1514,Bluepillschool,2014-5-21
1515,mrducky78,2014-5-21
1516,TheInternetHivemind,2014-5-22
1517,brickmack,2014-5-22
1518,cheftlp1221,2014-5-22
1519,Raincoats_George,2014-5-22
1520,Ian1732,2014-5-22
1521,alreadytakenusername,2014-5-23
1522,Stewpid,2014-5-23
1523,dddash,2014-5-23
1524,where_is_the_cheese,2014-5-23
1525,bzooty,2014-5-23
1526,YungSnuggie,2014-5-23
1527,MrTyphoon,2014-5-23
1528,absurdlyobfuscated,2014-5-23
1529,IpMedia,2014-5-24
1530,cybercuzco,2014-5-24
1531,Urgullibl,2014-5-24
1532,innuendoPL,2014-5-24
1533,Sweet_Fetal_Jesus,2014-5-24
1534,jjlew080,2014-5-24
1535,SlayerBVC,2014-5-24
1536,electronics-engineer,2014-5-24
1537,lntrinsic,2014-5-24
1538,thepkmncenter,2014-5-25
1539,Anomander,2014-5-25
1540,Antrikshy,2014-5-25
1541,ionised,2014-5-25
1542,saintlawrence,2014-5-25
1543,mikeash,2014-5-25
1544,Aaragon,2014-5-25
1545,But_Wait_Theres_More,2014-5-25
1546,ChesleaFc,2014-5-26
1547,flamuchz,2014-5-26
1548,neonicblast,2014-5-26
1549,fun_boat,2014-5-26
1550,jbrav88,2014-5-26
1551,egofinale,2014-5-27
1552,yourmansconnect,2014-5-27
1553,Bakgon,2014-5-27
1554,wuroh7,2014-5-28
1555,OneOfDozens,2014-5-28
1556,cojafoji,2014-5-28
1557,Dininiful,2014-5-28
1558,All_Your_Base,2014-5-28
1559,done_holding_back,2014-5-28
1560,hockeymisfit,2014-5-28
1561,aresef,2014-5-28
1562,dethb0y,2014-5-29
1563,Vark675,2014-5-29
1564,jubileo5,2014-5-29
1565,themanifoldcuriosity,2014-5-29
1566,KantusThiss,2014-5-29
1567,GCanuck,2014-5-29
1568,BSRussell,2014-5-29
1569,Fyzzle,2014-5-29
1570,gizzardgullet,2014-5-29
1571,Kensin,2014-5-29
1572,Hotwir3,2014-5-30
1573,DeliriumWigger,2014-5-30
1574,OhHowDroll,2014-5-30
1575,morgueanna,2014-5-31
1576,pirate_doug,2014-5-31
1577,ridik_ulass,2014-5-31
1578,A40,2014-5-31
1579,imautoparts,2014-5-31
1580,TwylaSohen,2014-5-31
1581,arksien,2014-5-31
1582,Blacky31,2014-5-31
1583,rogersmith25,2014-6-1
1584,cranberry94,2014-6-1
1585,makesureimjewish,2014-6-1
1586,KittyKat1986,2014-6-3
1587,milfish,2014-6-3
1588,totes-muh-gotes,2014-6-3
1589,DrOfJuxtapositions,2014-6-4
1590,whistledick,2014-6-4
1591,liarandathief,2014-6-4
1592,epicnesshunter,2014-6-4
1593,crazy_canucklehead,2014-6-4
1594,albatross49,2014-6-4
1595,LukaCola,2014-6-5
1596,callmecatalyst,2014-6-5
1597,koleye,2014-6-5
1598,potato1,2014-6-5
1599,Nemesis2772,2014-6-5
1600,stefeyboy,2014-6-5
1601,Fletch71011,2014-6-5
1602,AndyWarwheels,2014-6-5
1603,TheActualAWdeV,2014-6-5
1604,darkjedidave,2014-6-5
1605,NetaliaLackless24,2014-6-6
1606,billpika,2014-6-6
1607,BlackbeltJones,2014-6-6
1608,AngelOfLight,2014-6-6
1609,Pimping_NZ,2014-6-6
1610,roastedbagel,2014-6-6
1611,Swiftapple,2014-6-6
1612,lambs0623,2014-6-7
1613,Lowbacca1977,2014-6-8
1614,Juankestein,2014-6-8
1615,wjbc,2014-6-8
1616,iKickComputers,2014-6-8
1617,hoodie92,2014-6-8
1618,somegetit,2014-6-8
1619,Armadylspark,2014-6-8
1620,Anastik,2014-6-8
1621,well_uh_yeah,2014-6-8
1622,x86_64Ubuntu,2014-6-8
1623,beet111,2014-6-8
1624,Footballvike81,2014-6-8
1625,Pee_Earl_Grey_Hot,2014-6-9
1626,polandballmod,2014-6-9
1627,runsoutofspace,2014-6-9
1628,SageOfTheWise,2014-6-9
1629,SerCiddy,2014-6-9
1630,autocorrector,2014-6-10
1631,shaggorama,2014-6-10
1632,alienelement,2014-6-10
1633,unicorninabottle,2014-6-11
1634,knumbknuts,2014-6-11
1635,Sweetmilk_,2014-6-11
1636,iammanic,2014-6-11
1637,CertifiedPuppyRapist,2014-6-11
1638,Sbzxvc,2014-6-11
1639,Arthur_Dayne,2014-6-12
1640,tick_tock_clock,2014-6-12
1641,rhiever,2014-6-12
1642,Gehalgod,2014-6-13
1643,thinkythought,2014-6-13
1644,SecularMantis,2014-6-13
1645,jonahlew,2014-6-13
1646,alanitoo,2014-6-13
1647,musicforthedeaf,2014-6-13
1648,Ph0X,2014-6-14
1649,Mc-Diablo,2014-6-14
1650,OPTripleOP,2014-6-14
1651,The_Bystander_Effect,2014-6-14
1652,eyecite,2014-6-14
1653,president_of_derp,2014-6-15
1654,MrWADConsole,2014-6-16
1655,Foxxxy24,2014-6-16
1656,Dudesan,2014-6-16
1657,CantaloupeCamper,2014-6-16
1658,DeedTheInky,2014-6-16
1659,Camsy34,2014-6-16
1660,BarryMcKockinner,2014-6-17
1661,JeffKnol,2014-6-18
1662,motivatinggiraffe,2014-6-19
1663,hero0fwar,2014-6-22
1664,Hoof--hearted,2014-6-23
1665,I_Say_Your_Mom,2014-6-25
1666,DetectiveSamSpade,2014-6-25
1667,killhimalready,2014-6-26
1668,Minifig81,2014-6-26
1669,lilahking,2014-6-26
1670,tomdarch,2014-6-26
1671,systemstheorist,2014-6-26
1672,frenzyboard,2014-6-26
1673,Fearlessleader85,2014-6-26
1674,waffleninja,2014-6-26
1675,xAy3x,2014-6-26
1676,Yanrogue,2014-6-27
1677,punkwalrus,2014-6-27
1678,HelpMeLoseMyFat,2014-6-27
1679,430635423,2014-6-27
1680,SkunkMonkey,2014-6-27
1681,BryanWake,2014-6-27
1682,DoesNotChodeWell,2014-6-27
1683,IHv2RtrnSumVdeotapes,2014-6-27
1684,Slyfox00,2014-6-28
1685,BigClifty,2014-6-28
1686,RoboNinjaPirate,2014-6-28
1687,squirt_aka,2014-6-28
1688,THcB,2014-6-28
1689,Paiste402,2014-6-28
1690,Analbox,2014-6-29
1691,irawwwr,2014-6-29
1692,tattedspyder,2014-6-29
1693,streamstroller,2014-6-29
1694,Sergnb,2014-6-29
1695,pryomancer,2014-6-30
1696,Christemo,2014-6-30
1697,Thesteelman86,2014-6-30
1698,wonderless2686,2014-6-30
1699,feanturi,2014-6-30
1700,SDunne17,2014-6-30
1701,SuperBattleFranky37,2014-6-30
1702,Mr_Titicaca,2014-6-30
1703,PM_ME_UR_TITS_OBAMA,2014-6-30
1704,Lobo_Marino,2014-7-1
1705,TalkingBackAgain,2014-7-1
1706,Forever_Awkward,2014-7-1
1707,Calikola,2014-7-1
1708,jutct,2014-7-1
1709,ExternalTangents,2014-7-1
1710,B_Underscore,2014-7-1
1711,FredWampy,2014-7-1
1712,Drunken_Black_Belt,2014-7-2
1713,mathewl832,2014-7-3
1714,yes_no_yes_yes_yes,2014-7-3
1715,morbiusgreen,2014-7-3
1716,Vanetia,2014-7-3
1717,roosterteeth,2014-7-3
1718,mega002,2014-7-3
1719,rampantdissonance,2014-7-3
1720,Quouar,2014-7-4
1721,Quazz,2014-7-4
1722,forte2,2014-7-4
1723,supergalactic,2014-7-4
1724,Freezedlol,2014-7-4
1725,tupungato,2014-7-4
1726,moobeat,2014-7-4
1727,reallyjay,2014-7-4
1728,shinydragonite,2014-7-5
1729,DEATH-BY-CIRCLEJERK,2014-7-5
1730,Yohohoandabottle1,2014-7-5
1731,WeaponsGradeHumanity,2014-7-5
1732,Sourcecode12,2014-7-6
1733,psinguine,2014-7-6
1734,DaHitcha,2014-7-6
1735,greg19735,2014-7-7
1736,gruntbuggle,2014-7-7
1737,Vallessir,2014-7-7
1738,absurdamerica,2014-7-7
1739,DeathisLaughing,2014-7-7
1740,beethy,2014-7-8
1741,PictureHelper,2014-7-8
1742,PoniesRBitchin,2014-7-8
1743,programsup,2014-7-8
1744,RayBoogs,2014-7-9
1745,cynognathus,2014-7-9
1746,MrXhin,2014-7-9
1747,OmegaSeven,2014-7-9
1748,Jyvblamo,2014-7-9
1749,JFN1234,2014-7-10
1750,mikejohnno,2014-7-10
1751,Chubbstock,2014-7-10
1752,tritter211,2014-7-11
1753,fantoman,2014-7-11
1754,wellgroomedmcpoyle,2014-7-11
1755,kulkke,2014-7-11
1756,TreadLately,2014-7-12
1757,Dealt-With-It,2014-7-12
1758,niknik2121,2014-7-12
1759,GoldandBlue,2014-7-13
1760,MonocleCats,2014-7-13
1761,SnakeMan448,2014-7-13
1762,Dustin-,2014-7-13
1763,Franciscouzo,2014-7-13
1764,xaxers,2014-7-13
1765,Beeslo,2014-7-13
1766,mattman23,2014-7-13
1767,emperorOfTheUniverse,2014-7-13
1768,love_the_heat,2014-7-14
1769,WadeWilsonforPope,2014-7-14
1770,Major_Frank_Burns,2014-7-14
1771,Lol33ta,2014-7-14
1772,tristamgreen,2014-7-15
1773,dick-nipples,2014-7-15
1774,alyankovic,2014-7-15
1775,su5,2014-7-15
1776,shitterplug,2014-7-15
1777,hobnobbinbobthegob,2014-7-15
1778,diamond,2014-7-16
1779,totes_meta_bot,2014-7-16
1780,Mutt1223,2014-7-16
1781,TheoQ99,2014-7-16
1782,william701,2014-7-16
1783,fastjeff,2014-7-16
1784,uriman,2014-7-16
1785,MarkovManiac,2014-7-17
1786,DefinitelyRelephant,2014-7-17
1787,damnBcanilive,2014-7-17
1788,tonterias,2014-7-17
1789,Frajer,2014-7-17
1790,thirdfounder,2014-7-17
1791,lessonslearnt,2014-7-18
1792,redstonehelper,2014-7-18
1793,watchout5,2014-7-18
1794,TheBlazingPhoenix,2014-7-18
1795,gerwer,2014-7-18
1796,geezra,2014-7-19
1797,Loki-L,2014-7-19
1798,KarmaAndLies,2014-7-19
1799,Cunt_Puffin,2014-7-20
1800,MattRyd7,2014-7-20
1801,Business-Socks,2014-7-20
1802,ShortchangeParamecia,2014-7-21
1803,Reverse_Waterfall,2014-7-21
1804,relevantlife,2014-7-21
1805,Pallas-Athena,2014-7-21
1806,port0,2014-7-21
1807,unclepj60,2014-7-21
1808,vahntitrio,2014-7-22
1809,CuntyMcGiggles,2014-7-22
1810,that_nsfw_account,2014-7-22
1811,skepticismissurvival,2014-7-23
1812,whoatethekidsthen,2014-7-23
1813,jonesie1988,2014-7-23
1814,Dicktremain,2014-7-23
1815,BillyBatz,2014-7-23
1816,warpus,2014-7-23
1817,runningblack,2014-7-23
1818,dekuscrub,2014-7-23
1819,SaintVanilla,2014-7-23
1820,TheRedComet,2014-7-24
1821,PleaseRespectTables,2014-7-24
1822,hoosakiwi,2014-7-24
1823,redonculous,2014-7-24
1824,iateacrayon,2014-7-24
1825,stakoverflo,2014-7-24
1826,Slevo,2014-7-24
1827,bubbameister33,2014-7-24
1828,LoveOfProfit,2014-7-24
1829,2th,2014-7-24
1830,Oda_nicullah,2014-7-24
1831,tidux,2014-7-25
1832,alpha1028,2014-7-25
1833,zahrul3,2014-7-25
1834,nikolajz1,2014-7-25
1835,Neo2199,2014-7-25
1836,sweetafton,2014-7-26
1837,bastard_thought,2014-7-26
1838,kdanson,2014-7-26
1839,breaking_jackpots,2014-7-27
1840,chewp911,2014-7-27
1841,Kinda_Crazay,2014-7-27
1842,m0rris0n_hotel,2014-7-27
1843,coprolite_hobbyist,2014-7-27
1844,cant_help_myself,2014-7-27
1845,XKryptonite,2014-7-29
1846,JimmerUK,2014-7-29
1847,Vio_,2014-7-29
1848,maddscientist,2014-7-29
1849,memeship,2014-7-29
1850,ripster55,2014-7-30
1851,Psythik,2014-7-30
1852,FX114,2014-7-30
1853,Neckwrecker,2014-7-30
1854,TrimChaser,2014-7-30
1855,FUNKYDISCO,2014-7-30
1856,99trumpets,2014-7-30
1857,Wolfosaurus,2014-7-31
1858,Beboprockss,2014-7-31
1859,Yanmega,2014-7-31
1860,EvTheSmev,2014-7-31
1861,FreedomsPower,2014-7-31
1862,Graphitetshirt,2014-7-31
1863,TheVoiceOfRiesen,2014-8-1
1864,GH0UGHPHTHEIGHTTEEAU,2014-8-1
1865,Mad4Reddit,2014-8-1
1866,Mancaveaccount,2014-8-1
1867,4nonymo,2014-8-1
1868,scumbag-reddit,2014-8-1
1869,CannedWolfMeat,2014-8-2
1870,kev13n,2014-8-2
1871,The_Doctor_00,2014-8-2
1872,carsonbiz,2014-8-2
1873,Frothyleet,2014-8-2
1874,ManWithoutModem,2014-8-2
1875,AOL_,2014-8-2
1876,angrypotato1,2014-8-3
1877,-Gavin-,2014-8-3
1878,ZeppyFloyd,2014-8-3
1879,garglemymarbles,2014-8-4
1880,p_U_c_K,2014-8-4
1881,Roflkopt3r,2014-8-4
1882,nuxenolith,2014-8-4
1883,Auto_aim1,2014-8-5
1884,MrWeiner,2014-8-5
1885,onlysame1,2014-8-5
1886,blaghart,2014-8-5
1887,bipolar_sky_fairy,2014-8-5
1888,RamsesToo,2014-8-6
1889,DiabloConQueso,2014-8-6
1890,tmbcake13,2014-8-6
1891,ekjohnson9,2014-8-6
1892,you_should_try,2014-8-6
1893,outroversion,2014-8-7
1894,maccabeus,2014-8-8
1895,Shadax,2014-8-8
1896,Congzilla,2014-8-8
1897,TheBlindCat,2014-8-8
1898,sqrt-1loveyou,2014-8-8
1899,chbrules,2014-8-9
1900,devineman,2014-8-9
1901,gfymobile,2014-8-9
1902,FountainsOfFluids,2014-8-9
1903,rapol,2014-8-9
1904,IAmNotAPerson6,2014-8-10
1905,wykrhm,2014-8-10
1906,Ftumsh,2014-8-10
1907,zipzap21,2014-8-10
1908,Zyzzling,2014-8-10
1909,advillious,2014-8-10
1910,diggemigre,2014-8-10
1911,You-fools,2014-8-10
1912,PlushSandyoso,2014-8-10
1913,lost_in_trepidation,2014-8-10
1914,whatIsThisBullCrap,2014-8-10
1915,Dusty_Ideas,2014-8-11
1916,ggg730,2014-8-11
1917,JM2845,2014-8-12
1918,PillowTalk420,2014-8-12
1919,tallkido,2014-8-12
1920,EstherHarshom,2014-8-12
1921,persona_dos,2014-8-12
1922,Skulhedvonwhargoul,2014-8-12
1923,gonzales82,2014-8-13
1924,unknown_name,2014-8-13
1925,mobuco,2014-8-13
1926,wafrhest,2014-8-13
1927,RamblinWreckGT,2014-8-13
1928,RyanFuller003,2014-8-13
1929,Foxprowl,2014-8-13
1930,lw5i2d,2014-8-13
1931,Dre2k,2014-8-13
1932,hurdur1,2014-8-13
1933,lunescence,2014-8-13
1934,Bahamabanana,2014-8-14
1935,jsellout,2014-8-14
1936,zsreport,2014-8-14
1937,honestbleeps,2014-8-14
1938,duckduck_goose,2014-8-14
1939,PoopAndSunshine,2014-8-14
1940,Jackpot777,2014-8-15
1941,Endulos,2014-8-15
1942,What_No_Cookie,2014-8-16
1943,StankyMung,2014-8-16
1944,idreamofpikas,2014-8-16
1945,HorseMeatSandwich,2014-8-16
1946,Sariel007,2014-8-16
1947,TomRalphio,2014-8-16
1948,coffeeblossom,2014-8-16
1949,michaelconfoy,2014-8-16
1950,neko,2014-8-16
1951,black_flag_4ever,2014-8-17
1952,Sum_Bitch,2014-8-18
1953,FrontpageWatch,2014-8-18
1954,brachiators,2014-8-18
1955,TheLadyEve,2014-8-18
1956,petrichorE6,2014-8-18
1957,JeremyR22,2014-8-18
1958,Butcher_Of_Hope,2014-8-18
1959,dragonsky,2014-8-18
1960,zirconiferous,2014-8-18
1961,crusoe,2014-8-19
1962,superatheist95,2014-8-19
1963,Loate,2014-8-19
1964,rephan,2014-8-19
1965,Zerethra,2014-8-20
1966,thenewyorkgod,2014-8-20
1967,AlderaanRefugee,2014-8-20
1968,iklegemma,2014-8-20
1969,Gaywallet,2014-8-20
1970,vagrantwade,2014-8-21
1971,helium_farts,2014-8-21
1972,Woodlands_Creature,2014-8-21
1973,Flemtality,2014-8-21
1974,thats_a_risky_click,2014-8-21
1975,Fig_Newton_,2014-8-21
1976,discipula_vitae,2014-8-21
1977,TheJackal8,2014-8-22
1978,Jeroknite,2014-8-22
1979,alazz,2014-8-22
1980,NDoilworker,2014-8-22
1981,MGLLN,2014-8-22
1982,icametodropbombs,2014-8-22
1983,mlkelty,2014-8-22
1984,cerberus6320,2014-8-22
1985,Conchobair,2014-8-22
1986,mahayana,2014-8-22
1987,jstohler,2014-8-23
1988,RayBrower,2014-8-23
1989,stay_at_work_dad,2014-8-24
1990,Methuga,2014-8-24
1991,SolKool,2014-8-24
1992,bungle123,2014-8-24
1993,frostyuno,2014-8-24
1994,AutoModerator,2014-8-24
1995,test_alpha,2014-8-25
1996,stareattheart,2014-8-25
1997,corduroyblack,2014-8-25
1998,Holbac,2014-8-25
1999,catsrule362,2014-8-25
2000,kukukele,2014-8-25
2001,hooplah,2014-8-25
2002,brain4breakfast,2014-8-25
2003,braintrustinc,2014-8-26
2004,PainMatrix,2014-8-26
2005,_repost_,2014-8-26
2006,Filthy_Pervert,2014-8-26
2007,Frohirrim,2014-8-26
2008,djrealtalk,2014-8-26
2009,Asdyc,2014-8-27
2010,TheSecretMe,2014-8-27
2011,KeybladeSpirit,2014-8-27
2012,FoieyMcfoie,2014-8-28
2013,SomeNorCalGuy,2014-8-28
2014,noobtheloser,2014-8-29
2015,redditimgur99,2014-8-30
2016,NPHisKing,2014-8-30
2017,i_run_far,2014-8-30
2018,Anuglyman,2014-9-1
2019,sebbysir,2014-9-2
2020,TWFM,2014-9-2
2021,havoc_bot,2014-9-3
2022,wiiya,2014-9-3
2023,that_random_eskimo,2014-9-3
2024,statelessnfaithless,2014-9-3
2025,Lesnaa,2014-9-3
2026,soomuchcoffee,2014-9-3
2027,smokey815,2014-9-3
2028,danwin,2014-9-3
2029,patientXXX,2014-9-3
2030,DrGiggleFairies,2014-9-3
2031,xkcd_transcriber,2014-9-3
2032,NeonDisease,2014-9-5
2033,allergictoapples,2014-9-5
2034,BlackNut,2014-9-5
2035,touchmyfuckingcoffee,2014-9-5
2036,chibolamoo,2014-9-5
2037,cavehobbit,2014-9-5
2038,poppzE,2014-9-5
2039,Zykium,2014-9-5
2040,The_Bravinator,2014-9-5
2041,SimplyQuid,2014-9-5
2042,SakuraiBot,2014-9-6
2043,Dr_McHandsomeface,2014-9-6
2044,Zebidee,2014-9-8
2045,Donald_Keyman,2014-9-9
2046,someguyfromcanada,2014-9-11
2047,TheClayroo,2014-9-11
2048,madazzahatter,2014-9-11
2049,JAV0K,2014-9-11
2050,beernerd,2014-9-11
2051,siouxsie_sioux,2014-9-11
2052,DerpyGrooves,2014-9-12
2053,ULJarad,2014-9-12
2054,GeeJo,2014-9-12
2055,ilikeeatingbrains,2014-9-12
2056,Estoye,2014-9-12
2057,cyrusm,2014-9-12
2058,fondlemeLeroy,2014-9-12
2059,gynoceros,2014-9-12
2060,13thmurder,2014-9-13
2061,Thameus,2014-9-13
2062,mrojek,2014-9-13
2063,remotectrl,2014-9-13
2064,hiyosilver64,2014-9-13
2065,Bull3tM0nk3y,2014-9-13
2066,Another-Chance,2014-9-14
2067,bkleo504,2014-9-14
2068,robvargas,2014-9-14
2069,masongr,2014-9-14
2070,srs_house,2014-9-14
2071,Two_Inches_Of_Fun,2014-9-14
2072,-MarcusD-,2014-9-14
2073,orzof,2014-9-14
2074,qaboutp,2014-9-14
2075,Chafuter,2014-9-14
2076,Marcurial,2014-9-14
2077,koproller,2014-9-15
2078,yours_duly,2014-9-15
2079,justinsayin,2014-9-15
2080,RobinWilliamsHere,2014-9-15
2081,ribbitribbitrabbit,2014-9-15
2082,Just_like_my_wife,2014-9-15
2083,Malarazz,2014-9-16
2084,domuseid,2014-9-16
2085,I_EAT_POOP_AMA,2014-9-16
2086,kanji_sasahara,2014-9-16
2087,FuckinEhRightsBud,2014-9-17
2088,Ricos_Roughnecks,2014-9-17
2089,nope_nic_tesla,2014-9-17
2090,Bennett1984,2014-9-17
2091,CCPearson,2014-9-17
2092,LuckyBdx4,2014-9-17
2093,theherps,2014-9-17
2094,AtheistComic,2014-9-18
2095,ProbablyMyLastLogin,2014-9-18
2096,ruskeeblue,2014-9-18
2097,legitprivilege,2014-9-18
2098,Bobblefighterman,2014-9-18
2099,projectpotato,2014-9-19
2100,daychilde,2014-9-19
2101,cmdrcaboose2,2014-9-19
2102,Aiken_Drumn,2014-9-19
2103,14159,2014-9-19
2104,DoorMarkedPirate,2014-9-20
2105,Phycoz,2014-9-20
2106,_depression,2014-9-20
2107,alexoobers,2014-9-20
2108,backnblack92,2014-9-20
2109,friday6700,2014-9-20
2110,illegal_deagle,2014-9-20
2111,12sea21,2014-9-21
2112,ravenex,2014-9-21
2113,Zenryhao,2014-9-21
2114,rindindin,2014-9-21
2115,fantasyfest,2014-9-21
2116,happyscrappy,2014-9-21
2117,Staple_Overlord,2014-9-21
2118,AdidasPete,2014-9-21
2119,10b-5,2014-9-22
2120,aprofondir,2014-9-22
2121,richmomz,2014-9-22
2122,beef_in_the_dark,2014-9-22
2123,pajam,2014-9-22
2124,jayfeather314,2014-9-22
2125,gbimmer,2014-9-22
2126,Mnementh2230,2014-9-23
2127,heliurn,2014-9-23
2128,KallistiEngel,2014-9-24
2129,moofdivr,2014-9-24
2130,PhysicsIsMyMistress,2014-9-24
2131,GiantWithDwarfism,2014-9-24
2132,well_golly,2014-9-25
2133,CaspianX2,2014-9-25
2134,ThatsGoodForm,2014-9-25
2135,mikayakatnt,2014-9-25
2136,markevens,2014-9-25
2137,turlian,2014-9-25
2138,Superschutte,2014-9-25
2139,cpxh,2014-9-25
2140,yakusokuN8,2014-9-26
2141,alekzander01,2014-9-26
2142,sheasie,2014-9-27
2143,GeebusNZ,2014-9-27
2144,asstasticbum,2014-9-27
2145,NEVERDOUBTED,2014-9-28
2146,I_MAKE_USERNAMES,2014-9-28
2147,Peacefulzealot,2014-9-28
2148,WithForte,2014-9-28
2149,NameBran,2014-9-28
2150,Nowin,2014-9-28
2151,I_AM_STILL_A_IDIOT,2014-9-29
2152,trooper843,2014-9-29
2153,NazzerDawk,2014-9-29
2154,T-Luv,2014-9-29
2155,GoonCommaThe,2014-9-29
2156,jakealc1,2014-9-29
2157,pyrowolf8,2014-9-29
2158,exelion,2014-9-29
2159,Chewbacker,2014-9-30
2160,HipHopAnonymous23,2014-9-30
2161,ddshroom,2014-9-30
2162,ILoveLamp9,2014-9-30
2163,retrac1324,2014-9-30
2164,Metcarfre,2014-9-30
2165,rooktakesqueen,2014-9-30
2166,EltonJuan,2014-10-1
2167,JaronK,2014-10-1
2168,yummie4mytummie,2014-10-1
2169,vinkulelu,2014-10-2
2170,sprankton,2014-10-2
2171,dropperofpipebombs,2014-10-2
2172,preh1storic,2014-10-2
2173,bunnysoup,2014-10-2
2174,mrmagoo512,2014-10-2
2175,osnapitsjoey,2014-10-3
2176,knighmare,2014-10-3
2177,pumper911,2014-10-3
2178,mygrapefruit,2014-10-3
2179,redhotsillyfecker,2014-10-3
2180,sndzag1,2014-10-4
2181,polysyllabist,2014-10-4
2182,InsideLight,2014-10-4
2183,creepyeyes,2014-10-4
2184,DemonFrog,2014-10-5
2185,theodrixx,2014-10-5
2186,mike413,2014-10-5
2187,Ghost_Animator,2014-10-5
2188,Billy_Lo,2014-10-5
2189,probokator,2014-10-6
2190,PanKing92,2014-10-6
2191,recoveringgayfish,2014-10-6
2192,xsited1,2014-10-6
2193,nickiter,2014-10-7
2194,Robert_DowneyJr,2014-10-7
2195,windburner,2014-10-7
2196,antici_______pation,2014-10-8
2197,GiveMeBackMySon,2014-10-8
2198,kumanoki,2014-10-8
2199,GoingPole2Pole,2014-10-8
2200,phedre,2014-10-8
2201,Shy__RedheadV2,2014-10-8
2202,peppermind,2014-10-8
2203,LNMagic,2014-10-8
2204,inmyotherpants79,2014-10-8
2205,BulletBilll,2014-10-9
2206,Thinc_Ng_Kap,2014-10-9
2207,Dynamiklol,2014-10-9
2208,pieguyfry22,2014-10-9
2209,kallisti_gold,2014-10-10
2210,Megatron_McLargeHuge,2014-10-10
2211,Marmoe,2014-10-10
2212,megablast,2014-10-10
2213,toiletting,2014-10-11
2214,nkdeck07,2014-10-11
2215,dontbthatguy,2014-10-11
2216,moumouren,2014-10-11
2217,admiralteal,2014-10-12
2218,NOT_MEEHAN,2014-10-12
2219,A-Shitty-Doctor,2014-10-12
2220,cdskip,2014-10-12
2221,Girl-Next-Door,2014-10-12
2222,WheresBilly,2014-10-13
2223,eternityinspace,2014-10-13
2224,_KeanuReeves,2014-10-13
2225,lemonpartyorganizer,2014-10-13
2226,Terr_,2014-10-13
2227,silamtao,2014-10-13
2228,Naweezy,2014-10-14
2229,TBones0072,2014-10-14
2230,test_results,2014-10-15
2231,AnshinRevolt,2014-10-15
2232,godofallcows,2014-10-15
2233,Wrestlingisgood,2014-10-15
2234,PM_ME_YOUR_TITS_GIRL,2014-10-15
2235,n1c0_ds,2014-10-15
2236,Filthyson,2014-10-16
2237,effieokay,2014-10-16
2238,RichardBachman,2014-10-16
2239,MadLintElf,2014-10-16
2240,dittidot,2014-10-16
2241,Thompson_S_Sweetback,2014-10-16
2242,ThaddeusJP,2014-10-16
2243,reddittests,2014-10-17
2244,AR-47,2014-10-17
2245,AtomicDog1471,2014-10-17
2246,gravitying,2014-10-17
2247,evilpenguin234,2014-10-17
2248,RepostFrom4chan,2014-10-17
2249,WalkerFLRanger,2014-10-17
2250,lifestyled,2014-10-18
2251,juanjing,2014-10-18
2252,Wibbles,2014-10-18
2253,Melnorme,2014-10-18
2254,logantauranga,2014-10-19
2255,YourJokeExplained,2014-10-19
2256,cokevanillazero,2014-10-19
2257,JeSuisAmiralAckbar,2014-10-20
2258,TheTrueMuffinMan,2014-10-20
2259,iliketowhispertoo,2014-10-20
2260,ANAL_SUPERIORITY,2014-10-20
2261,ChetnBernie,2014-10-21
2262,Litagano,2014-10-21
2263,zcektor01,2014-10-21
2264,hotshowerscene,2014-10-21
2265,teeohdeedee123,2014-10-21
2266,LaLongueCarabine,2014-10-21
2267,chooter,2014-10-21
2268,tfyuhjnbgf,2014-10-22
2269,falconbox,2014-10-22
2270,ContinuumGuy,2014-10-22
2271,BrooklynNets,2014-10-22
2272,GrahamSaysNO,2014-10-23
2273,BiBoFieTo,2014-10-23
2274,Icanhazcomment,2014-10-23
2275,TonyRockyHorror_,2014-10-23
2276,RedAnarchist,2014-10-23
2277,exitstrateG,2014-10-23
2278,GallowBoob,2014-10-24
2279,chrono1465,2014-10-24
2280,maybesaydie,2014-10-24
2281,hazzajames,2014-10-25
2282,corby315,2014-10-25
2283,MartinSchou,2014-10-25
2284,rudeboyskunk,2014-10-25
2285,reptheevt,2014-10-25
2286,dinosaur_train,2014-10-25
2287,johnnynutman,2014-10-25
2288,platypusmusic,2014-10-25
2289,zackhankins74,2014-10-26
2290,ac91,2014-10-26
2291,ExileOnMeanStreet,2014-10-26
2292,thebigsexy1,2014-10-26
2293,materhern,2014-10-26
2294,Zero_Heart,2014-10-27
2295,itsahhmemario,2014-10-27
2296,lokigodofchaos,2014-10-27
2297,b0xlunch,2014-10-27
2298,raymond8505,2014-10-27
2299,blore40,2014-10-27
2300,eugenesbluegenes,2014-10-27
2301,Sloppy1sts,2014-10-27
2302,Daniel-Radcliffe,2014-10-28
2303,camperjohn64,2014-10-28
2304,mpls_hotdish,2014-10-28
2305,loondawg,2014-10-28
2306,narcolepsyinc,2014-10-28
2307,eamantite,2014-10-28
2308,hrhomer,2014-10-28
2309,Scotsman333,2014-10-28
2310,resaysay,2014-10-29
2311,CJ105,2014-10-29
2312,ArttuH5N1,2014-10-29
2313,Sacrix,2014-10-29
2314,Fortehlulz33,2014-10-29
2315,DoubleDot7,2014-10-30
2316,17Hongo,2014-10-30
2317,moogle516,2014-10-30
2318,Brunovitch,2014-10-30
2319,Obiektyw1855,2014-10-30
2320,I_Say_I_Say,2014-10-31
2321,big80smullet,2014-10-31
2322,ZeroNihilist,2014-10-31